<?xml version='1.0' encoding='UTF-8'?>

<!--
   A simple configuration for a Host Controller that only acts as the master domain controller
   and does not itself directly control any servers.
-->
<host name="master" xmlns="urn:jboss:domain:1.6">

    <management>
        <security-realms>
            <security-realm name="ManagementRealm">
                <authentication>
                    <local default-user="$local" skip-group-loading="true" />
                    <properties path="mgmt-users.properties" relative-to="jboss.domain.config.dir"/>
                </authentication>
                <authorization map-groups-to-roles="false">
                    <properties path="mgmt-groups.properties" relative-to="jboss.domain.config.dir"/>
                </authorization>                
            </security-realm>
            <security-realm name="ApplicationRealm">
                <authentication>
                     <local default-user="$local" allowed-users="*" skip-group-loading="true" />
                     <properties path="application-users.properties" relative-to="jboss.domain.config.dir" />
                </authentication>
                <authorization>
                    <properties path="application-roles.properties" relative-to="jboss.domain.config.dir"/>
                </authorization>
            </security-realm>
        </security-realms>
        <audit-log>
            <formatters>
                <json-formatter name="json-formatter"/>
            </formatters>
            <handlers>
                <file-handler name="host-file" formatter="json-formatter" relative-to="jboss.domain.data.dir" path="audit-log.log"/>
                <file-handler name="server-file" formatter="json-formatter" relative-to="jboss.server.data.dir" path="audit-log.log"/>
            </handlers>
            <logger log-boot="true" log-read-only="false" enabled="false">
                <handlers>
                    <handler name="host-file"/>
                </handlers>
            </logger>
            <server-logger log-boot="true" log-read-only="false" enabled="false">
                <handlers>
                    <handler name="server-file"/>
                </handlers>
            </server-logger>
        </audit-log>
        <management-interfaces>
            <native-interface security-realm="ManagementRealm">
                <socket interface="management" port="${jboss.management.native.port:10199}"/>
            </native-interface>
            <http-interface security-realm="ManagementRealm">
                <socket interface="management" port="${jboss.management.http.port:10190}"/>
            </http-interface>
        </management-interfaces>
    </management>

    <domain-controller>
       <local/>
    </domain-controller>

    <interfaces>
        <interface name="management">
            <inet-address value="${jboss.bind.address.management:127.0.0.1}"/>
        </interface>
    </interfaces>

    <jvms>
   	   <jvm name="default">
            <heap size="64m" max-size="256m"/>
            <permgen size="256m" max-size="256m"/>
              <jvm-options>
                  <option value="-server"/>
              </jvm-options>
         </jvm>
   	</jvms>

</host>
